{
  "nbSeq":15,
  "seqLen":15000,
  "lonRange":[6.535777,6.549383],
  "latRange":[46.531123,46.539482],
  "hRange":[500,600],
  "yawRange":[0,360],
  "pitchRange":[-90,-30],
  "rollRange":[-15,15],
  "maxTransVel":[30,30,5],
  "maxRotVel":[5,2,1]
}
